{
  "$schema": "https://cloud.uipath.com/draft/2024-12/entry-point",
  "entryPoints": [
    {
      "filePath": "Main.xaml",
      "uniqueId": "16ab4aab-6033-461d-8db0-2bcf62d66c13",
      "type": "process",
      "input": {
        "type": "object",
        "properties": {
          "in_OrchestratorQueueName": {
            "type": "string"
          },
          "in_OrchestratorQueueFolder": {
            "type": "string"
          },
          "processOriginalText": {
            "type": "string"
          }
        },
        "required": []
      }
    }
  ]
}